500,Installation,2018-09-01 16:47:17.078,Kaleidoo
501,Installation,2018-10-23 08:12:40.086,Kaleidoo
502,Installation,2018-08-21 23:17:55.251,Kaleidoo
503,Installation,2018-11-20 02:12:58.618,Kaleidoo
504,Installation,2019-03-10 15:13:03.034,Kaleidoo
505,Installation,2019-04-08 13:22:38.034,Kaleidoo
506,Installation,2019-06-26 04:23:22.605,Kaleidoo
507,Installation,2019-01-10 09:21:07.331,Kaleidoo
508,Installation,2019-07-05 03:25:23.769,Kaleidoo
509,Installation,2019-07-07 12:45:47.366,Kaleidoo
510,Installation,2019-11-26 12:26:30.041,Kaleidoo
511,Installation,2019-08-18 02:10:22.271,Kaleidoo
512,Installation,2020-01-17 14:07:11.076,Kaleidoo
513,Installation,2020-05-09 09:53:48.068,Kaleidoo
514,Installation,2020-01-22 15:52:34.782,Kaleidoo
515,Installation,2020-04-30 05:49:05.238,Kaleidoo
516,Installation,2020-04-02 14:06:21.039,Kaleidoo
517,Installation,2020-10-27 14:14:09.536,Kaleidoo
518,Installation,2020-09-25 21:22:52.372,Kaleidoo
519,Installation,2020-12-21 21:10:52.320,Kaleidoo
520,Installation,2020-11-25 13:08:47.046,Kaleidoo
521,Installation,2020-09-09 20:30:30.102,Kaleidoo
522,Installation,2021-04-26 23:47:50.745,Kaleidoo
523,Installation,2021-02-16 05:22:47.893,Kaleidoo
524,Installation,2021-02-26 21:55:12.389,Kaleidoo
525,Installation,2021-01-07 07:34:14.056,Kaleidoo
526,Installation,2021-06-12 20:56:03.744,Kaleidoo
527,Installation,2021-05-18 00:16:47.955,Kaleidoo
528,Installation,2021-08-30 03:45:57.342,Kaleidoo
529,Installation,2021-10-13 19:27:36.860,Kaleidoo
530,Installation,2021-10-23 14:51:04.339,Kaleidoo
531,Installation,2021-09-22 10:00:00.552,Kaleidoo
532,Installation,2021-09-09 17:10:26.056,Kaleidoo
533,Installation,2021-08-11 21:10:41.041,Kaleidoo
534,Installation,2021-08-24 03:42:31.692,Kaleidoo
535,Installation,2022-04-29 15:39:12.587,Kaleidoo
536,Installation,2021-12-26 00:32:03.769,Kaleidoo
537,Installation,2022-03-08 12:51:23.302,Kaleidoo
538,Installation,2022-03-16 07:39:21.558,Kaleidoo
539,Installation,2022-03-19 10:28:33.811,Kaleidoo
540,Installation,2021-12-30 04:38:21.388,Kaleidoo
541,Installation,2022-03-12 05:14:54.075,Kaleidoo
542,Installation,2022-08-19 04:15:17.101,Kaleidoo
543,Installation,2022-07-30 18:16:26.428,Kaleidoo
544,Installation,2022-11-08 19:48:45.256,Kaleidoo
545,Installation,2022-11-08 09:04:31.819,Kaleidoo
546,Installation,2022-08-21 00:16:07.523,Kaleidoo
547,Installation,2022-09-05 17:03:47.435,Kaleidoo
548,Installation,2022-12-12 14:43:23.525,Kaleidoo
549,Installation,2022-11-23 16:12:32.300,Kaleidoo
550,Installation,2023-04-26 23:39:47.612,Kaleidoo
551,Installation,2023-06-07 11:58:47.155,Kaleidoo
552,Installation,2023-02-03 13:08:37.113,Kaleidoo
553,Installation,2023-05-07 18:20:44.267,Kaleidoo
554,Installation,2023-02-18 07:08:04.915,Kaleidoo
555,Installation,2023-03-09 10:09:21.377,Kaleidoo
556,Installation,2023-04-30 21:47:12.785,Kaleidoo
557,Installation,2023-06-16 08:25:21.885,Kaleidoo
558,Installation,2023-03-10 14:57:46.452,Kaleidoo
